{
  "Калининград": {
    "center": [
      54.704528907978,
      20.473791500000015
    ],
    "zoom": 12
  },
  "Москва": {
    "center": [
      55.584222181163646,
      37.38552449999999
    ],
    "zoom": 9
  },
  "Астрахань": {
    "center": [
      46.34647366903166,
      48.03767646826173
    ],
    "zoom": 12
  },
  "Архангельск": {
    "center": [
      64.56272891354934,
      40.55266499999995
    ],
    "zoom": 11
  },
  "Краснодар": {
    "center": [
      45.06165537048585,
      38.962197500000016
    ],
    "zoom": 12
  },
  "Санкт-Петербург": {
    "center": [
      59.91807704072416,
      30.304899499999895
    ],
    "zoom": 10
  },
  "Екатеринбург": {
    "center": [
      56.78875104810377,
      60.60157099999987
    ],
    "zoom": 10
  },
  "Оренбург": {
    "center": [
      51.7933427886505,
      55.197472000000005
    ],
    "zoom": 11
  },
  "Пермь": {
    "center": [
      58.02283310604378,
      56.2294204999999
    ],
    "zoom": 11
  },
  "Алматы": {
    "center": [
      43.221309640757674,
      76.95543649999995
    ],
    "zoom": 11
  },
  "Киев": {
    "center": [
      50.40239488870545,
      30.532734499999968
    ],
    "zoom": 11
  },
  "Новосибирск": {
    "center": [
      55.000665013597725,
      82.95603900000002
    ],
    "zoom": 10
  },
  "Березовский": {
    "center": [
      56.89659453694885,
      60.75918848274228
    ],
    "zoom": 13
  },
  "Серов": {
    "center": [
      59.60633329588266,
      60.580495999999975
    ],
    "zoom": 12
  },
  "Омск": {
    "center": [
      55.070792258316466,
      73.34821759765622
    ],
    "zoom": 12
  },
  "Саратов": {
    "center": [
      51.53920339085138,
      46.007006499999896
    ],
    "zoom": 12
  },
  "Киров": {
    "center": [
      58.565420065904114,
      49.608258
    ],
    "zoom": 15
  },
  "Дзержинский": {
    "center": [
      55.584222181163646,
      37.38552449999999
    ],
    "zoom": 9
  }
}